trial_index,seed,gallery_images_per_identity,identity_count,probe_count,gallery_image_count,top_1,top_3,top_5,top_10,mrr,mean_true_identity_rank,median_true_identity_rank
0,20260825,1,123,123,123,0.9349593495934959,0.959349593495935,0.959349593495935,0.959349593495935,0.9473481867210091,2.341463414634146,1.0
0,20260825,2,123,123,246,0.975609756097561,0.983739837398374,0.983739837398374,0.983739837398374,0.9803184281842818,1.6097560975609757,1.0
0,20260825,3,123,123,369,0.983739837398374,0.983739837398374,0.983739837398374,0.983739837398374,0.9842641687286438,1.7073170731707317,1.0
0,20260825,4,123,123,492,0.983739837398374,0.983739837398374,0.983739837398374,0.983739837398374,0.9842870544090057,1.4959349593495934,1.0
0,20260825,5,123,123,615,0.991869918699187,0.991869918699187,0.991869918699187,0.991869918699187,0.9922086720867209,1.1869918699186992,1.0
1,20260826,1,123,123,123,0.9349593495934959,0.943089430894309,0.9512195121951219,0.959349593495935,0.9417577198121725,2.5853658536585367,1.0
1,20260826,2,123,123,246,0.967479674796748,0.975609756097561,0.975609756097561,0.975609756097561,0.9709666254271239,1.829268292682927,1.0
1,20260826,3,123,123,369,0.983739837398374,0.983739837398374,0.983739837398374,0.983739837398374,0.9842001530063148,1.5609756097560976,1.0
1,20260826,4,123,123,492,0.983739837398374,0.983739837398374,0.983739837398374,0.983739837398374,0.9842286486525342,1.5365853658536586,1.0
1,20260826,5,123,123,615,0.991869918699187,0.991869918699187,0.991869918699187,0.991869918699187,0.9921321793863099,1.2439024390243902,1.0
2,20260827,1,123,123,123,0.9105691056910569,0.9349593495934959,0.9512195121951219,0.9512195121951219,0.9280934273124383,3.2357723577235773,1.0
2,20260827,2,123,123,246,0.991869918699187,0.991869918699187,0.991869918699187,0.991869918699187,0.9921602787456446,1.2195121951219512,1.0
2,20260827,3,123,123,369,0.991869918699187,0.991869918699187,0.991869918699187,0.991869918699187,0.9920957542908762,1.2845528455284554,1.0
2,20260827,4,123,123,492,0.991869918699187,0.991869918699187,0.991869918699187,0.991869918699187,0.9921409214092141,1.2357723577235773,1.0
2,20260827,5,123,123,615,0.991869918699187,0.991869918699187,0.991869918699187,0.991869918699187,0.9921409214092141,1.2357723577235773,1.0
3,20260828,1,123,123,123,0.9512195121951219,0.967479674796748,0.975609756097561,0.975609756097561,0.960695052250922,2.2439024390243905,1.0
3,20260828,2,123,123,246,0.983739837398374,0.983739837398374,0.983739837398374,0.983739837398374,0.9842524730666025,1.5040650406504066,1.0
3,20260828,3,123,123,369,0.991869918699187,0.991869918699187,0.991869918699187,0.991869918699187,0.9921022067363531,1.2764227642276422,1.0
3,20260828,4,123,123,492,0.991869918699187,0.991869918699187,0.991869918699187,0.991869918699187,0.9921826141338336,1.2032520325203253,1.0
3,20260828,5,123,123,615,0.991869918699187,0.991869918699187,0.991869918699187,0.991869918699187,0.9921710328214394,1.2113821138211383,1.0
4,20260829,1,123,123,123,0.9512195121951219,0.959349593495935,0.967479674796748,0.975609756097561,0.9593604830000247,2.4552845528455283,1.0
4,20260829,2,123,123,246,0.983739837398374,0.983739837398374,0.983739837398374,0.983739837398374,0.9844401175104188,1.6504065040650406,1.0
4,20260829,3,123,123,369,0.983739837398374,0.983739837398374,0.983739837398374,0.983739837398374,0.9842693624304665,1.7886178861788617,1.0
4,20260829,4,123,123,492,0.983739837398374,0.983739837398374,0.983739837398374,0.983739837398374,0.9841629934371634,1.8617886178861789,1.0
4,20260829,5,123,123,615,0.983739837398374,0.983739837398374,0.983739837398374,0.983739837398374,0.9841438639421557,1.8455284552845528,1.0
5,20260830,1,123,123,123,0.967479674796748,0.975609756097561,0.975609756097561,0.975609756097561,0.972124705074544,2.3739837398373984,1.0
5,20260830,2,123,123,246,0.983739837398374,0.983739837398374,0.983739837398374,0.983739837398374,0.9843762831567711,1.4878048780487805,1.0
5,20260830,3,123,123,369,0.983739837398374,0.983739837398374,0.983739837398374,0.983739837398374,0.9842527325529009,1.5853658536585367,1.0
5,20260830,4,123,123,492,0.983739837398374,0.983739837398374,0.983739837398374,0.983739837398374,0.9842155977115328,1.6260162601626016,1.0
5,20260830,5,123,123,615,0.983739837398374,0.983739837398374,0.983739837398374,0.983739837398374,0.9841880341880341,1.6829268292682926,1.0
6,20260831,1,123,123,123,0.9512195121951219,0.959349593495935,0.959349593495935,0.959349593495935,0.9563201709085857,2.747967479674797,1.0
6,20260831,2,123,123,246,0.975609756097561,0.983739837398374,0.983739837398374,0.983739837398374,0.9803421084826444,1.4796747967479675,1.0
6,20260831,3,123,123,369,0.983739837398374,0.983739837398374,0.983739837398374,0.983739837398374,0.984299964580193,1.5365853658536586,1.0
6,20260831,4,123,123,492,0.983739837398374,0.983739837398374,0.983739837398374,0.983739837398374,0.984291613859935,1.5040650406504066,1.0
6,20260831,5,123,123,615,0.983739837398374,0.983739837398374,0.983739837398374,0.983739837398374,0.9842592592592593,1.5447154471544715,1.0
7,20260832,1,123,123,123,0.959349593495935,0.959349593495935,0.959349593495935,0.959349593495935,0.960825359646199,2.5528455284552845,1.0
7,20260832,2,123,123,246,0.983739837398374,0.983739837398374,0.983739837398374,0.983739837398374,0.9843010164355311,1.6341463414634145,1.0
7,20260832,3,123,123,369,0.983739837398374,0.983739837398374,0.983739837398374,0.983739837398374,0.9841964180511371,1.7398373983739837,1.0
7,20260832,4,123,123,492,0.991869918699187,0.991869918699187,0.991869918699187,0.991869918699187,0.9921826141338336,1.2032520325203253,1.0
7,20260832,5,123,123,615,0.991869918699187,0.991869918699187,0.991869918699187,0.991869918699187,0.9921826141338336,1.2032520325203253,1.0
8,20260833,1,123,123,123,0.943089430894309,0.959349593495935,0.959349593495935,0.959349593495935,0.9515873296821294,2.3008130081300813,1.0
8,20260833,2,123,123,246,0.983739837398374,0.983739837398374,0.983739837398374,0.983739837398374,0.9842733739837398,1.6666666666666667,1.0
8,20260833,3,123,123,369,0.983739837398374,0.983739837398374,0.983739837398374,0.983739837398374,0.9841930989732434,1.7560975609756098,1.0
8,20260833,4,123,123,492,0.983739837398374,0.983739837398374,0.983739837398374,0.983739837398374,0.9841623987965451,1.7967479674796747,1.0
8,20260833,5,123,123,615,0.983739837398374,0.983739837398374,0.983739837398374,0.983739837398374,0.9841452632032951,1.7479674796747968,1.0
9,20260834,1,123,123,123,0.9512195121951219,0.959349593495935,0.959349593495935,0.959349593495935,0.9564299790287689,3.048780487804878,1.0
9,20260834,2,123,123,246,0.967479674796748,0.975609756097561,0.975609756097561,0.975609756097561,0.9709411185020941,1.9268292682926829,1.0
9,20260834,3,123,123,369,0.983739837398374,0.983739837398374,0.983739837398374,0.983739837398374,0.9842775411881103,1.5934959349593496,1.0
9,20260834,4,123,123,492,0.983739837398374,0.983739837398374,0.983739837398374,0.983739837398374,0.9841887711806411,1.6504065040650406,1.0
9,20260834,5,123,123,615,0.983739837398374,0.983739837398374,0.983739837398374,0.983739837398374,0.9842069383426754,1.5853658536585367,1.0
10,20260835,1,123,123,123,0.926829268292683,0.9512195121951219,0.9512195121951219,0.9512195121951219,0.9408563778539198,2.6097560975609757,1.0
10,20260835,2,123,123,246,0.975609756097561,0.983739837398374,0.983739837398374,0.983739837398374,0.9803435615001311,1.4065040650406504,1.0
10,20260835,3,123,123,369,0.975609756097561,0.983739837398374,0.983739837398374,0.983739837398374,0.9802528095211022,1.4878048780487805,1.0
10,20260835,4,123,123,492,0.975609756097561,0.983739837398374,0.983739837398374,0.983739837398374,0.9802130531186736,1.5365853658536586,1.0
10,20260835,5,123,123,615,0.983739837398374,0.983739837398374,0.983739837398374,0.983739837398374,0.9842592592592593,1.5447154471544715,1.0
11,20260836,1,123,123,123,0.926829268292683,0.9512195121951219,0.959349593495935,0.959349593495935,0.9420409137213246,3.2439024390243905,1.0
11,20260836,2,123,123,246,0.975609756097561,0.975609756097561,0.975609756097561,0.975609756097561,0.9763752507654947,1.991869918699187,1.0
11,20260836,3,123,123,369,0.983739837398374,0.983739837398374,0.983739837398374,0.983739837398374,0.9842344647222696,1.6910569105691058,1.0
11,20260836,4,123,123,492,0.991869918699187,0.991869918699187,0.991869918699187,0.991869918699187,0.9922086720867209,1.1869918699186992,1.0
11,20260836,5,123,123,615,0.991869918699187,0.991869918699187,0.991869918699187,0.991869918699187,0.9921602787456446,1.2195121951219512,1.0
12,20260837,1,123,123,123,0.9349593495934959,0.959349593495935,0.959349593495935,0.959349593495935,0.9468200836949171,2.934959349593496,1.0
12,20260837,2,123,123,246,0.983739837398374,0.983739837398374,0.983739837398374,0.983739837398374,0.9843521992912236,1.7479674796747968,1.0
12,20260837,3,123,123,369,0.983739837398374,0.983739837398374,0.983739837398374,0.983739837398374,0.9842002939480197,1.7886178861788617,1.0
12,20260837,4,123,123,492,0.983739837398374,0.983739837398374,0.983739837398374,0.983739837398374,0.984244510812455,1.5772357723577235,1.0
12,20260837,5,123,123,615,0.983739837398374,0.983739837398374,0.983739837398374,0.983739837398374,0.984244510812455,1.5772357723577235,1.0
13,20260838,1,123,123,123,0.943089430894309,0.967479674796748,0.967479674796748,0.975609756097561,0.9573323907152115,2.008130081300813,1.0
13,20260838,2,123,123,246,0.983739837398374,0.983739837398374,0.983739837398374,0.983739837398374,0.984195671449802,1.5772357723577235,1.0
13,20260838,3,123,123,369,0.991869918699187,0.991869918699187,0.991869918699187,0.991869918699187,0.9922978177150192,1.146341463414634,1.0
13,20260838,4,123,123,492,0.991869918699187,0.991869918699187,0.991869918699187,0.991869918699187,0.9922764227642277,1.1544715447154472,1.0
13,20260838,5,123,123,615,0.991869918699187,0.991869918699187,0.991869918699187,0.991869918699187,0.9922234004948745,1.1788617886178863,1.0
14,20260839,1,123,123,123,0.959349593495935,0.967479674796748,0.975609756097561,0.975609756097561,0.9660871690735531,2.008130081300813,1.0
14,20260839,2,123,123,246,0.975609756097561,0.983739837398374,0.983739837398374,0.983739837398374,0.9788183812574057,1.6910569105691058,1.0
14,20260839,3,123,123,369,0.983739837398374,0.983739837398374,0.983739837398374,0.983739837398374,0.9841811846689895,1.7560975609756098,1.0
14,20260839,4,123,123,492,0.983739837398374,0.983739837398374,0.983739837398374,0.983739837398374,0.9842300231787847,1.5528455284552845,1.0
14,20260839,5,123,123,615,0.983739837398374,0.983739837398374,0.983739837398374,0.983739837398374,0.984233201306372,1.5609756097560976,1.0
15,20260840,1,123,123,123,0.9349593495934959,0.9512195121951219,0.9512195121951219,0.9512195121951219,0.9442938099434203,3.5934959349593494,1.0
15,20260840,2,123,123,246,0.983739837398374,0.983739837398374,0.983739837398374,0.983739837398374,0.9841263773139299,1.7235772357723578,1.0
15,20260840,3,123,123,369,0.983739837398374,0.983739837398374,0.983739837398374,0.983739837398374,0.9841680329485207,1.6016260162601625,1.0
15,20260840,4,123,123,492,0.983739837398374,0.983739837398374,0.983739837398374,0.983739837398374,0.9842442035531467,1.5284552845528456,1.0
15,20260840,5,123,123,615,0.983739837398374,0.983739837398374,0.983739837398374,0.983739837398374,0.9842092566875948,1.5691056910569106,1.0
16,20260841,1,123,123,123,0.967479674796748,0.975609756097561,0.975609756097561,0.975609756097561,0.9720314719523414,2.6016260162601625,1.0
16,20260841,2,123,123,246,0.991869918699187,0.991869918699187,0.991869918699187,0.991869918699187,0.9922764227642277,1.1544715447154472,1.0
16,20260841,3,123,123,369,0.991869918699187,0.991869918699187,0.991869918699187,0.991869918699187,0.9921951219512196,1.1951219512195121,1.0
16,20260841,4,123,123,492,0.991869918699187,0.991869918699187,0.991869918699187,0.991869918699187,0.9921602787456446,1.2195121951219512,1.0
16,20260841,5,123,123,615,0.991869918699187,0.991869918699187,0.991869918699187,0.991869918699187,0.9921602787456446,1.2195121951219512,1.0
17,20260842,1,123,123,123,0.9349593495934959,0.9512195121951219,0.9512195121951219,0.9512195121951219,0.9439594239227241,4.691056910569106,1.0
17,20260842,2,123,123,246,0.991869918699187,0.991869918699187,0.991869918699187,0.991869918699187,0.9921321793863099,1.2439024390243902,1.0
17,20260842,3,123,123,369,0.991869918699187,0.991869918699187,0.991869918699187,0.991869918699187,0.9921239837398373,1.2520325203252032,1.0
17,20260842,4,123,123,492,0.991869918699187,0.991869918699187,0.991869918699187,0.991869918699187,0.9922234004948745,1.1788617886178863,1.0
17,20260842,5,123,123,615,0.991869918699187,0.991869918699187,0.991869918699187,0.991869918699187,0.9921951219512196,1.1951219512195121,1.0
18,20260843,1,123,123,123,0.9349593495934959,0.959349593495935,0.959349593495935,0.959349593495935,0.9479323977425489,3.983739837398374,1.0
18,20260843,2,123,123,246,0.983739837398374,0.983739837398374,0.983739837398374,0.983739837398374,0.9841654506288652,1.7804878048780488,1.0
18,20260843,3,123,123,369,0.983739837398374,0.983739837398374,0.983739837398374,0.983739837398374,0.984323336056327,1.4715447154471544,1.0
18,20260843,4,123,123,492,0.983739837398374,0.983739837398374,0.983739837398374,0.983739837398374,0.9842700600919052,1.5447154471544715,1.0
18,20260843,5,123,123,615,0.983739837398374,0.983739837398374,0.983739837398374,0.983739837398374,0.9842276422764228,1.5934959349593496,1.0
19,20260844,1,123,123,123,0.9512195121951219,0.967479674796748,0.967479674796748,0.967479674796748,0.9573396921273288,3.252032520325203,1.0
19,20260844,2,123,123,246,0.983739837398374,0.983739837398374,0.983739837398374,0.983739837398374,0.9841795653533458,1.7154471544715446,1.0
19,20260844,3,123,123,369,0.991869918699187,0.991869918699187,0.991869918699187,0.991869918699187,0.992239467849224,1.170731707317073,1.0
19,20260844,4,123,123,492,0.991869918699187,0.991869918699187,0.991869918699187,0.991869918699187,0.9921710328214394,1.2113821138211383,1.0
19,20260844,5,123,123,615,0.991869918699187,0.991869918699187,0.991869918699187,0.991869918699187,0.9921710328214394,1.2113821138211383,1.0
20,20260845,1,123,123,123,0.943089430894309,0.9512195121951219,0.9512195121951219,0.9512195121951219,0.9483739684483525,4.170731707317073,1.0
20,20260845,2,123,123,246,0.983739837398374,0.983739837398374,0.983739837398374,0.983739837398374,0.9843037250248279,1.5284552845528456,1.0
20,20260845,3,123,123,369,0.983739837398374,0.983739837398374,0.983739837398374,0.983739837398374,0.9842559208200777,1.5772357723577235,1.0
20,20260845,4,123,123,492,0.983739837398374,0.983739837398374,0.983739837398374,0.983739837398374,0.9842721641502129,1.5203252032520325,1.0
20,20260845,5,123,123,615,0.983739837398374,0.983739837398374,0.983739837398374,0.983739837398374,0.9842417815482503,1.5609756097560976,1.0
21,20260846,1,123,123,123,0.9512195121951219,0.967479674796748,0.975609756097561,0.975609756097561,0.960566422838901,2.5040650406504064,1.0
21,20260846,2,123,123,246,0.983739837398374,0.983739837398374,0.983739837398374,0.983739837398374,0.9843316823972837,1.6016260162601625,1.0
21,20260846,3,123,123,369,0.991869918699187,0.991869918699187,0.991869918699187,0.991869918699187,0.992239467849224,1.170731707317073,1.0
21,20260846,4,123,123,492,0.991869918699187,0.991869918699187,0.991869918699187,0.991869918699187,0.9922086720867209,1.1869918699186992,1.0
21,20260846,5,123,123,615,0.991869918699187,0.991869918699187,0.991869918699187,0.991869918699187,0.9921826141338336,1.2032520325203253,1.0
22,20260847,1,123,123,123,0.959349593495935,0.967479674796748,0.975609756097561,0.975609756097561,0.965728760850712,2.008130081300813,1.0
22,20260847,2,123,123,246,0.983739837398374,0.983739837398374,0.983739837398374,0.983739837398374,0.9842023660621221,1.5609756097560976,1.0
22,20260847,3,123,123,369,0.983739837398374,0.983739837398374,0.983739837398374,0.983739837398374,0.9842592592592593,1.5447154471544715,1.0
22,20260847,4,123,123,492,0.983739837398374,0.983739837398374,0.983739837398374,0.983739837398374,0.9842184528595678,1.5934959349593496,1.0
22,20260847,5,123,123,615,0.983739837398374,0.983739837398374,0.983739837398374,0.983739837398374,0.984208880550344,1.6178861788617886,1.0
23,20260848,1,123,123,123,0.9512195121951219,0.975609756097561,0.975609756097561,0.975609756097561,0.9602738750889813,2.203252032520325,1.0
23,20260848,2,123,123,246,0.975609756097561,0.983739837398374,0.983739837398374,0.983739837398374,0.9803297199638664,1.4634146341463414,1.0
23,20260848,3,123,123,369,0.983739837398374,0.983739837398374,0.983739837398374,0.983739837398374,0.984299964580193,1.5365853658536586,1.0
23,20260848,4,123,123,492,0.991869918699187,0.991869918699187,0.991869918699187,0.991869918699187,0.9922086720867209,1.1869918699186992,1.0
23,20260848,5,123,123,615,0.991869918699187,0.991869918699187,0.991869918699187,0.991869918699187,0.9921710328214394,1.2113821138211383,1.0
24,20260849,1,123,123,123,0.9186991869918699,0.9512195121951219,0.9512195121951219,0.9512195121951219,0.9346299828608291,4.219512195121951,1.0
24,20260849,2,123,123,246,0.967479674796748,0.975609756097561,0.975609756097561,0.975609756097561,0.9723641760227126,1.9024390243902438,1.0
24,20260849,3,123,123,369,0.983739837398374,0.983739837398374,0.983739837398374,0.983739837398374,0.9842255305669939,1.7317073170731707,1.0
24,20260849,4,123,123,492,0.983739837398374,0.983739837398374,0.983739837398374,0.983739837398374,0.9842017202780723,1.7804878048780488,1.0
24,20260849,5,123,123,615,0.991869918699187,0.991869918699187,0.991869918699187,0.991869918699187,0.9921951219512196,1.1951219512195121,1.0
25,20260850,1,123,123,123,0.9512195121951219,0.967479674796748,0.967479674796748,0.967479674796748,0.9602368268237365,2.4146341463414633,1.0
25,20260850,2,123,123,246,0.959349593495935,0.975609756097561,0.975609756097561,0.975609756097561,0.9668978101458768,2.016260162601626,1.0
25,20260850,3,123,123,369,0.983739837398374,0.983739837398374,0.983739837398374,0.983739837398374,0.9842753065749581,1.5609756097560976,1.0
25,20260850,4,123,123,492,0.983739837398374,0.983739837398374,0.983739837398374,0.983739837398374,0.984245709123758,1.5528455284552845,1.0
25,20260850,5,123,123,615,0.983739837398374,0.983739837398374,0.983739837398374,0.983739837398374,0.9842292737308643,1.5691056910569106,1.0
26,20260851,1,123,123,123,0.959349593495935,0.959349593495935,0.967479674796748,0.967479674796748,0.9624335938139363,2.902439024390244,1.0
26,20260851,2,123,123,246,0.983739837398374,0.983739837398374,0.983739837398374,0.983739837398374,0.9844299971013293,1.3902439024390243,1.0
26,20260851,3,123,123,369,0.983739837398374,0.983739837398374,0.983739837398374,0.983739837398374,0.9842983227129569,1.4796747967479675,1.0
26,20260851,4,123,123,492,0.983739837398374,0.983739837398374,0.983739837398374,0.983739837398374,0.9842508274988941,1.5284552845528456,1.0
26,20260851,5,123,123,615,0.983739837398374,0.983739837398374,0.983739837398374,0.983739837398374,0.9842373074080392,1.5528455284552845,1.0
27,20260852,1,123,123,123,0.943089430894309,0.943089430894309,0.943089430894309,0.943089430894309,0.9443353801699775,4.333333333333333,1.0
27,20260852,2,123,123,246,0.975609756097561,0.975609756097561,0.975609756097561,0.975609756097561,0.976435940775205,1.9593495934959348,1.0
27,20260852,3,123,123,369,0.983739837398374,0.983739837398374,0.983739837398374,0.983739837398374,0.9842895857530004,1.5609756097560976,1.0
27,20260852,4,123,123,492,0.983739837398374,0.983739837398374,0.983739837398374,0.983739837398374,0.9842657342657343,1.5853658536585367,1.0
27,20260852,5,123,123,615,0.983739837398374,0.983739837398374,0.983739837398374,0.983739837398374,0.9842373074080392,1.5528455284552845,1.0
28,20260853,1,123,123,123,0.926829268292683,0.9512195121951219,0.9512195121951219,0.9512195121951219,0.9376411554183051,3.6747967479674797,1.0
28,20260853,2,123,123,246,0.983739837398374,0.983739837398374,0.983739837398374,0.983739837398374,0.9843044263775971,1.7154471544715446,1.0
28,20260853,3,123,123,369,0.983739837398374,0.983739837398374,0.983739837398374,0.983739837398374,0.9841936905681455,1.829268292682927,1.0
28,20260853,4,123,123,492,0.983739837398374,0.983739837398374,0.983739837398374,0.983739837398374,0.9841666666666667,1.8373983739837398,1.0
28,20260853,5,123,123,615,0.983739837398374,0.983739837398374,0.983739837398374,0.983739837398374,0.9841656987998452,1.6991869918699187,1.0
29,20260854,1,123,123,123,0.959349593495935,0.975609756097561,0.975609756097561,0.975609756097561,0.9686841312857573,1.6016260162601625,1.0
29,20260854,2,123,123,246,0.975609756097561,0.983739837398374,0.983739837398374,0.983739837398374,0.9789412555779694,1.4959349593495934,1.0
29,20260854,3,123,123,369,0.983739837398374,0.983739837398374,0.983739837398374,0.983739837398374,0.9843017828171592,1.4878048780487805,1.0
29,20260854,4,123,123,492,0.983739837398374,0.983739837398374,0.983739837398374,0.983739837398374,0.9842237708091367,1.5528455284552845,1.0
29,20260854,5,123,123,615,0.991869918699187,0.991869918699187,0.991869918699187,0.991869918699187,0.9921409214092141,1.2357723577235773,1.0
